8019,METHOXYETHANOL
8064,"1,4-BUTANEDIOL"
8105,"1,5-PENTANEDIOL"
7005,1-NAPHTHOL
13165,2-HYDROXYETHYL ACRYLATE
11230,4-TERPINEOL
904,ACETANILID
176,ACETIC ACID
12035,ACETYL CYSTEINE
2723854,ACID BLUE 74
6581,ACRYLIC ACID
60961,ADENOSINE
6083,ADENOSINE PHOSPHATE
71571511,AGAR
702,ALCOHOL
204,ALLANTOIN
24012,ALUMINUM CHLORIDE
24850,ALUMINUM SULFATE
9433,AMINOPHYLLINE
222,AMMONIA
517165,AMMONIUM ACETATE
15830,AMMONIUM BENZOATE
14013,AMMONIUM BICARBONATE
517111,AMMONIUM CARBONATE
25517,AMMONIUM CHLORIDE
14923,AMMONIUM HYDROXIDE
22985,AMMONIUM NITRATE
6097028,AMMONIUM SULFATE
12348,AMYL ACETATE
5280443,APIGENIN
440936,ARBUTIN
56841936,ARGILLA
6322,ARGININE
23968,ARGON
54670067,ASCORBIC ACID
54680660,ASCORBYL PALMITATE
119034,ASIATIC ACID
134601,ASPARTAME
5960,ASPARTIC ACID
5281224,ASTAXANTHIN
2266,AZELAIC ACID
24414,BARIUM SULFATE
12620,BEHENYL ALCOHOL
243,BENZOIC ACID
4632,BENZOPHENONE-3
19988,BENZOPHENONE-4
8569,BENZOPHENONE-8
7187,BENZOYL PEROXIDE
244,BENZYL ALCOHOL
2345,BENZYL BENZOATE
5280489,BETA-CAROTENE
247,BETAINE
31404,BHT
171548,BIOTIN
7628,BORIC ACID
64685,BORNEOL
44263865,BROMELAIN
8272,BROMPHENOL BLUE
8177,BUTOXYDIGLYCOL
51040,BUTYL METHOXYDIBENZOYLMETHANE
7184,BUTYLPARABEN
261,BUTYRALDEHYDE
264,BUTYRIC ACID
2519,CAFFEINE
10112,CALCITE
6116,CALCIUM ACETATE
44630049,CALCIUM ALGINATE
10112,CALCIUM CARBONATE
25544,CALCIUM DISODIUM EDTA
9290,CALCIUM GLUCONATE
6093208,CALCIUM HYDROXIDE
13144,CALCIUM LACTATE
24456,CALCIUM PHOSPHATE
24497,CALCIUM SULFATE
2537,CAMPHOR
2969,CAPRIC ACID
379,CAPRYLIC ACID
1548943,CAPSAICIN
6581,CARBOMER
280,CARBON DIOXIDE
71597331,CARRAGEENAN
7439,CARVONE
65575,CEDROL
2682,CETYL ALCOHOL
31239,CETYLPYRIDINIUM CHLORIDE
10112,CHALK
9552079,CHLORHEXIDINE
24870,CHLORINE DIOXIDE
300,CHLOROACETIC ACID
5977,CHLOROBUTANOL
2723,CHLOROXYLENOL
5997,CHOLESTEROL
5280489,CI 40800
2723854,CI 73015
5280489,CI 75130
969516,CI 75300
5359268,CI 77000
24414,CI 77120
10112,CI 77220
23978,CI 77400
11029,CI 77713
23954,CI 77820
26042,CI 77891
2758,CINEOLE
637511,CINNAMAL
6850781,CINNAMOMUM CASSIA OIL
5373773,CINOXATE
444795,CIS-RETINOIC ACID
311,CITRIC ACID
7794,CITRONELLAL
2812,CLOTRIMAZOLE
23954,COLLOIDAL SILVER
5362487,COLLOIDAL SULFUR
24462,COPPER SULFATE
5281224,CORIOLUS VERSICOLOR EXTRACT
586,CREATINE
5281233,CROCIN
8895,CUPRIC ACETATE
969516,CURCUMIN
5311498,CYANOCOBALAMIN
6058,CYSTEAMINE
5862,CYSTEINE
442495,D-PULEGONE
222528,DEOXYCHOLIC ACID
11617,DIALLYL SULPHIDE
24261,DIATOMACEOUS EARTH
24441,DICALCIUM PHOSPHATE
8621,DICHLORO-M-XYLENOL
3037,DICHLOROPHENE
23558,DIDECYLDIMONIUM CHLORIDE
8111,DIETHYLENETRIAMINE
670,DIHYDROXYACETONE
24705,DIMETHICONE
7902,DIMETHYL MEA
19309,DIMETHYLHYDROXY FURANONE
24450,DIPOTASSIUM PHOSPHATE
167560,DISODIUM COCOYL GLUTAMATE
6049,DISODIUM EDTA
24203,DISODIUM PHOSPHATE
24934,DISODIUM SELENITE
10866,DOMIPHEN BROMIDE
3182,DYPHYLLINE
6049,EDTA
5281855,ELLAGIC ACID
3220,EMODIN
10401,EPSILON-CAPROLACTONE
5280793,ERGOCALCIFEROL
444679,ERGOSTEROL
5281116,ERUCIC ACID
54675810,ERYTHORBIC ACID
8857,ETHYL ACETATE
7762,ETHYL BUTYRATE
81530,ETHYL CYANOACRYLATE
7344,ETHYL LACTATE
3301,ETHYLENEDIAMINE
30541,ETHYLHEXYL DIMETHYL PABA
3305,ETIDRONIC ACID
2758,EUCALYPTOL
3314,EUGENOL
445070,FARNESOL
14457,FERRIC AMMONIUM CITRATE
24380,FERRIC CHLORIDE
61300,FERRIC CITRATE
24826,FERRIC SULFATE
24863,FERROUS AMMONIUM SULFATE
23616740,FERROUS GLUCONATE
22197,FERROUS LACTATE
24393,FERROUS SULFATE
445858,FERULIC ACID
135398658,FOLIC ACID
284,FORMIC ACID
2723872,FRUCTOSE
444972,FUMARIC ACID
370,GALLIC ACID
441411,GELATIN
3463,GEMFIBROZIL
5280961,GENISTEIN
637566,GERANIOL
24261,GLASS
7027,GLUCAROLACTONE
7027,GLUCONOLACTONE
439213,GLUCOSAMINE
5961,GLUTAMINE
3485,GLUTARAL
743,GLUTARIC ACID
753,GLYCERIN
750,GLYCINE
757,GLYCOLIC ACID
14982,GLYCYRRHIZIC ACID
460,GUAIACOL
8773,HEDTA
772,HEPARIN
3607,HEXETIDINE
8103,HEXYL ALCOHOL
3610,HEXYLRESORCINOL
783,HYDROGEN
784,HYDROGEN PEROXIDE
785,HYDROQUINONE
7789,HYDROXYSTEARIC ACID
3672,IBUPROFEN
11967809,INDOCYANINE GREEN
6374,IODOFORM
64685,ISOBORNEOL
2682,ISOCETYL ALCOHOL
6306,ISOLEUCINE
88735,ISOMALT
3776,ISOPROPYL ALCOHOL
8042,ISOPROPYL MYRISTATE
8907,ISOPROPYL PALMITATE
5280804,ISOQUERCETIN
5280804,ISOQUERCITRIN
12597,ISOSORBIDE
3793,ITRACONAZOLE
5280863,KAEMPFEROL
56841936,KAOLIN
3840,KOJIC ACID
612,LACTIC ACID
157355,LACTITOL
493570,LACTOFLAVIN
8430,LAURAMIDE DEA
3893,LAURIC ACID
42981,LAUROCAPRAM
6106,LEUCINE
22311,LIMONENE
5280450,LINOLEIC ACID
11125,LITHIUM CARBONATE
433294,LITHIUM CHLORIDE
5962,LYSINE
342,M-CRESOL
11029,MAGNESIUM CARBONATE
5360315,MAGNESIUM CHLORIDE
73981,MAGNESIUM HYDROXIDE
24439,MAGNESIUM PHOSPHATE
24083,MAGNESIUM SULFATE
5311266,MAGNESIUM TRISILICATE
525,MALIC ACID
867,MALONIC ACID
493591,MALTITOL
8369,MALTOL
24580,MANGANESE SULFATE
5281650,MANGOSTIN
6251,MANNITOL
896,MELATONIN
4055,MENADIONE
6850741,MENTHA PIPERITA OIL
1254,MENTHOL
24751,MEROXAPOL 105
4101,METHENAMINE
126941,METHOTREXATE
8019,METHOXY PEG-100
8019,METHOXY PEG-16
8019,METHOXY PEG-40
8635,METHYL ANTHRANILATE
8139,METHYL LAURATE
4133,METHYL SALICYLATE
11057,METHYLROSANILINIUM CHLORIDE
92027383,MICA
71586775,MONTMORILLONITE
11005,MYRISTIC ACID
6917,N-VINYL PYRROLIDONE
156391,NAPROXEN
1254,NEOMENTHOL
643820,NEROL
938,NIACIN
4485,NIFEDIPINE
44263835,NITROCELLULOSE
5447130,NITROFURAZONE
947,NITROGEN
948,NITROUS OXIDE
335,O-CRESOL
5356789,OLEAMINE
445639,OLEIC ACID
967,OROTIC ACID
10228,OSTHOLE
977,OXYGEN
1923,OXYQUINOLINE
1732,P-CHLORO-M-CRESOL
4684,P-CHLOROPHENOL
2879,P-CRESOL
9015,P-HYDROXYANISOLE
5931,P-METHYLAMINOPHENOL
12205,P-PHENYLENEDIAMINE HCL
978,PABA
23938,PALLADIUM
985,PALMITIC ACID
6613,PANTOTHENIC ACID
8019,PEG-6 METHYL ETHER
8158,PELARGONIC ACID
8779,PENTASODIUM PENTETATE
24455,PENTASODIUM TRIPHOSPHATE
9639,PERFLUOROHEXANE
6432,PERFLUOROPROPANE
40326,PERMETHRIN
6054,PHENETHYL ALCOHOL
31236,PHENOXYETHANOL
16682730,PHENYL MERCURIC ACETATE
6140,PHENYLALANINE
1004,PHOSPHORIC ACID
5794,PIPERONYL BUTOXIDE
4843,PIRACETAM
23939,PLATINUM
7475,PNA
24751,POLOXAMER 101
24751,POLOXAMER 188
6581,POLYACRYLIC ACID
10401,POLYCAPROLACTONE
22311,POLYDIPENTENE
6325,POLYETHYLENE
612,POLYLACTIC ACID
443314,POLYSORBATE 20
11199,POLYVINYL ALCOHOL
24856,POTASSIUM ALUM
253877,POTASSIUM BROMIDE
11430,POTASSIUM CARBONATE
6426889,POTASSIUM CHLORATE
4873,POTASSIUM CHLORIDE
13344,POTASSIUM CITRATE
11378442,POTASSIUM CYANATE
16760467,POTASSIUM GLUCONATE
14797,POTASSIUM HYDROXIDE
4875,POTASSIUM IODIDE
24434,POTASSIUM NITRATE
9855836,POTASSIUM SODIUM TARTRATE
23676745,POTASSIUM SORBATE
15979,PRISTANE
145742,PROLINE
4932,PROPAFENONE
1032,PROPIONIC ACID
4947,PROPYL GALLATE
1030,PROPYLENE GLYCOL
7175,PROPYLPARABEN
6917,PVP
71310221,PYRETHRINS
6019,PYRIDOXINE HCL
24261,QUARTZ
5280343,QUERCETIN
3034034,QUININE
21648,RASPBERRY KETONE
6918840,REBAUDIOSIDE A
5053,RESMETHRIN
5054,RESORCINOL
445154,RESVERATROL
445354,RETINOL
11726,RHODOCHROSITE
493570,RIBOFLAVIN
5281792,ROSMARINIC ACID
5147,SALICYLAMIDE
338,SALICYLIC ACID
24261,SAND
5234,SEA SALT
5234,SEA WATER
24011,SELENIUM SULFIDE
24261,SILICA
23954,SILVER
24470,SILVER NITRATE
6433516,SIMETHICONE
6736,SKATOLE
517045,SODIUM ACETATE
24568,SODIUM ALUM
14766,SODIUM ALUMINATE
23667548,SODIUM ASCORBATE
517055,SODIUM BENZOATE
516892,SODIUM BICARBONATE
23665763,SODIUM BISULFITE
16211214,SODIUM BORATE
10340,SODIUM CARBONATE
516902,SODIUM CHLORATE
5234,SODIUM CHLORIDE
23668197,SODIUM CHLORITE
6224,SODIUM CITRATE
23676143,SODIUM COCOYL GLUTAMATE
5235,SODIUM FLUORIDE
167560,SODIUM GLUTAMATE
24489,SODIUM HYDROSULFITE
14798,SODIUM HYDROXIDE
23665760,SODIUM HYPOCHLORITE
5238,SODIUM IODIDE
3423265,SODIUM LAURYL SULFATE
25113562,SODIUM LIGNOSULFONATE
656671,SODIUM METABISULFITE
23668193,SODIUM NITRITE
23665730,SODIUM OLEATE
23679004,SODIUM PANTOTHENATE
4445035,SODIUM PHENOXIDE
2723816,SODIUM PROPIONATE
24436,SODIUM SULFATE
237873,SODIUM SULFIDE
24437,SODIUM SULFITE
24477,SODIUM THIOSULFATE
24579,SODIUM TRIMETAPHOSPHATE
643460,SORBIC ACID
3793749,SORBITAN STEARATE
5780,SORBITOL
638072,SQUALENE
24550,STANNOUS FLUORIDE
5281,STEARIC ACID
1110,SUCCINIC ACID
5988,SUCROSE
5362487,SULFUR
15413,T-BUTYL METHYL ETHER
16129778,TANNIC ACID
1123,TAURINE
16043,TBHQ
146382,TEREPHTHALYLIDENE DICAMPHOR SULFONIC ACID
83975,TETRAMETHRIN
6144,TETRASODIUM EDTA
439378,THEANINE
5429,THEOBROMINE
2153,THEOPHYLLINE
5430,THIABENDAZOLE
6202,THIAMINE HCL
16684434,THIMEROSAL
864,THIOCTIC ACID
14808,THORIUM DIOXIDE
6288,THREONINE
6989,THYMOL
26042,TITANIUM DIOXIDE
5284627,TOPIRAMATE
6269,TOSYLAMIDE
5541,TRIACETIN
24456,TRICALCIUM PHOSPHATE
7547,TRICLOCARBAN
5564,TRICLOSAN
7618,TRIETHANOLAMINE
6506,TRIETHYL CITRATE
24439,TRIMAGNESIUM PHOSPHATE
5497163,TRIOLEIN
8772,TRISODIUM HEDTA
6503,TROMETHAMINE
10340,TRONA
5311489,TRYPSIN
6305,TRYPTOPHAN
1176,UREA
64945,URSOLIC ACID
5646,USNIC ACID
6287,VALINE
3121,VALPROIC ACID
1183,VANILLIN
176,VINEGAR
6369,VINYLIDENE DIFLUORIDE
612,WHEY
6912,XYLITOL
449093,ZEATIN
11192,ZINC ACETATE
19005,ZINC CARBONATE
5727,ZINC CHLORIDE
443445,ZINC GLUCONATE
14806,ZINC OXIDE
14809,ZINC PEROXIDE
31391,ZINC PHENOLSULFONATE
26041,ZINC PYRITHIONE
11178,ZINC STEARATE
24424,ZINC SULFATE